{"cameraMode":{"drawMode":0,"name":"Shaded","section":"Shading Mode"},"sceneLighting":true,"audioPlay":false,"sceneViewState":{"m_AlwaysRefresh":false,"showFog":true,"showSkybox":true,"showFlares":true,"showImageEffects":true,"showParticleSystems":true,"showVisualEffectGraphs":true,"m_FxEnabled":true},"in2DMode":false,"pivot":{"x":3.3922111988067629,"y":-5.184266090393066,"z":2.596282958984375},"rotation":{"x":-0.4403623640537262,"y":0.0002664305502548814,"z":-0.000129968102555722,"w":-0.8978241682052612},"size":13.928399085998536,"orthographic":false}