{"cameraMode":{"drawMode":0,"name":"Shaded","section":"Shading Mode"},"sceneLighting":false,"audioPlay":false,"sceneViewState":{"m_AlwaysRefresh":false,"showFog":true,"showSkybox":false,"showFlares":true,"showImageEffects":true,"showParticleSystems":true,"showVisualEffectGraphs":true,"m_FxEnabled":true},"in2DMode":false,"pivot":{"x":-21.2629451751709,"y":2.4799606800079347,"z":-22.350696563720704},"rotation":{"x":0.006560793612152338,"y":0.986049473285675,"z":-0.16146615147590638,"w":0.04018543288111687},"size":1.5147490501403809,"orthographic":false}