{"cameraMode":{"drawMode":0,"name":"Shaded","section":"Shading Mode"},"sceneLighting":false,"audioPlay":false,"sceneViewState":{"m_AlwaysRefresh":false,"showFog":true,"showSkybox":false,"showFlares":true,"showImageEffects":true,"showParticleSystems":true,"showVisualEffectGraphs":true,"m_FxEnabled":true},"in2DMode":false,"pivot":{"x":6.666050910949707,"y":1.391309380531311,"z":-5.208688735961914},"rotation":{"x":0.006511854939162731,"y":0.9921342730522156,"z":-0.05841437727212906,"w":0.11056702584028244},"size":31.941688537597658,"orthographic":false}