{"cameraMode":{"drawMode":0,"name":"Shaded","section":"Shading Mode"},"sceneLighting":false,"audioPlay":false,"sceneViewState":{"m_AlwaysRefresh":false,"showFog":true,"showSkybox":false,"showFlares":true,"showImageEffects":true,"showParticleSystems":true,"showVisualEffectGraphs":true,"m_FxEnabled":true},"in2DMode":false,"pivot":{"x":0.7570958137512207,"y":5.5803351402282719,"z":0.9786696434020996},"rotation":{"x":-0.0018631755374372006,"y":-0.8265193700790405,"z":0.0027352701872587206,"w":-0.5629000067710877},"size":4.491443634033203,"orthographic":false}