{"cameraMode":{"drawMode":0,"name":"Shaded","section":"Shading Mode"},"sceneLighting":false,"audioPlay":false,"sceneViewState":{"m_AlwaysRefresh":false,"showFog":true,"showSkybox":false,"showFlares":true,"showImageEffects":true,"showParticleSystems":true,"showVisualEffectGraphs":true,"m_FxEnabled":true},"in2DMode":false,"pivot":{"x":0.18472939729690553,"y":-0.0474933460354805,"z":0.5350136756896973},"rotation":{"x":0.2696090042591095,"y":0.14691922068595887,"z":-0.041659433394670489,"w":0.9507898092269898},"size":0.7161149382591248,"orthographic":false}