{"cameraMode":{"drawMode":0,"name":"Shaded","section":"Shading Mode"},"sceneLighting":false,"audioPlay":false,"sceneViewState":{"m_AlwaysRefresh":false,"showFog":true,"showSkybox":false,"showFlares":true,"showImageEffects":true,"showParticleSystems":true,"showVisualEffectGraphs":true,"m_FxEnabled":true},"in2DMode":false,"pivot":{"x":0.7434765100479126,"y":0.0391085147857666,"z":0.37235403060913088},"rotation":{"x":-0.129912868142128,"y":-0.26688864827156069,"z":0.03633268177509308,"w":-0.954243004322052},"size":0.9754617810249329,"orthographic":false}