{"cameraMode":{"drawMode":0,"name":"Shaded","section":"Shading Mode"},"sceneLighting":true,"audioPlay":false,"sceneViewState":{"m_AlwaysRefresh":false,"showFog":true,"showSkybox":true,"showFlares":true,"showImageEffects":true,"showParticleSystems":true,"showVisualEffectGraphs":true,"m_FxEnabled":true},"in2DMode":false,"pivot":{"x":-0.003705829381942749,"y":-0.006064176559448242,"z":-0.1953500509262085},"rotation":{"x":-0.04880503937602043,"y":0.9510666131973267,"z":-0.20750024914741517,"w":-0.2237040400505066},"size":8.385502815246582,"orthographic":false}