{"cameraMode":{"drawMode":0,"name":"Shaded","section":"Shading Mode"},"sceneLighting":true,"audioPlay":false,"sceneViewState":{"m_AlwaysRefresh":false,"showFog":true,"showSkybox":true,"showFlares":true,"showImageEffects":true,"showParticleSystems":true,"showVisualEffectGraphs":true,"m_FxEnabled":true},"in2DMode":false,"pivot":{"x":17.475006103515626,"y":-9.123099327087403,"z":-21.928165435791017},"rotation":{"x":-0.08292341232299805,"y":0.7400329113006592,"z":-0.09284728020429611,"w":-0.6609565019607544},"size":24.857675552368165,"orthographic":false}