{"cameraMode":{"drawMode":0,"name":"Shaded","section":"Shading Mode"},"sceneLighting":true,"audioPlay":false,"sceneViewState":{"m_AlwaysRefresh":false,"showFog":true,"showSkybox":true,"showFlares":true,"showImageEffects":true,"showParticleSystems":true,"showVisualEffectGraphs":true,"m_FxEnabled":true},"in2DMode":false,"pivot":{"x":-9.580524444580079,"y":12.956609725952149,"z":7.824619293212891},"rotation":{"x":-0.03173035383224487,"y":-0.06862983852624893,"z":0.0021776047069579365,"w":-0.9971441626548767},"size":22.08478546142578,"orthographic":false}