{"cameraMode":{"drawMode":0,"name":"Shaded","section":"Shading Mode"},"sceneLighting":true,"audioPlay":false,"sceneViewState":{"m_AlwaysRefresh":false,"showFog":true,"showSkybox":true,"showFlares":true,"showImageEffects":true,"showParticleSystems":true,"showVisualEffectGraphs":true,"m_FxEnabled":true},"in2DMode":false,"pivot":{"x":-0.5686306953430176,"y":0.8780667781829834,"z":-1.7175976037979127},"rotation":{"x":-0.2797042727470398,"y":-0.6496126651763916,"z":0.27988025546073916,"w":-0.6491963863372803},"size":1.3812553882598878,"orthographic":false}