{"cameraMode":{"drawMode":0,"name":"Shaded","section":"Shading Mode"},"sceneLighting":true,"audioPlay":false,"sceneViewState":{"m_AlwaysRefresh":false,"showFog":true,"showSkybox":true,"showFlares":true,"showImageEffects":true,"showParticleSystems":true,"showVisualEffectGraphs":true,"m_FxEnabled":true},"in2DMode":false,"pivot":{"x":0.43330931663513186,"y":1.570302128791809,"z":0.5898845195770264},"rotation":{"x":0.029880160465836526,"y":-0.0877561867237091,"z":-0.002633076161146164,"w":-0.9956974387168884},"size":3.442047357559204,"orthographic":true}