{"cameraMode":{"drawMode":0,"name":"Shaded","section":"Shading Mode"},"sceneLighting":true,"audioPlay":false,"sceneViewState":{"m_AlwaysRefresh":false,"showFog":true,"showSkybox":true,"showFlares":true,"showImageEffects":true,"showParticleSystems":true,"showVisualEffectGraphs":true,"m_FxEnabled":true},"in2DMode":false,"pivot":{"x":1.4850987195968629,"y":0.22759781777858735,"z":2.446023941040039},"rotation":{"x":0.1945461630821228,"y":0.5527352690696716,"z":-0.13456615805625916,"w":0.7991039156913757},"size":4.737292766571045,"orthographic":false}