{"cameraMode":{"drawMode":0,"name":"Shaded","section":"Shading Mode"},"sceneLighting":true,"audioPlay":false,"sceneViewState":{"m_AlwaysRefresh":false,"showFog":true,"showSkybox":true,"showFlares":true,"showImageEffects":true,"showParticleSystems":true,"showVisualEffectGraphs":true,"m_FxEnabled":true},"in2DMode":false,"pivot":{"x":-0.02319049835205078,"y":0.6449272036552429,"z":-1.0672273635864258},"rotation":{"x":0.2212046980857849,"y":-0.061392225325107577,"z":0.013955076225101948,"w":0.9731965661048889},"size":8.424734115600586,"orthographic":true}