{"cameraMode":{"drawMode":0,"name":"Shaded","section":"Shading Mode"},"sceneLighting":true,"audioPlay":false,"sceneViewState":{"m_AlwaysRefresh":false,"showFog":true,"showSkybox":true,"showFlares":true,"showImageEffects":true,"showParticleSystems":true,"showVisualEffectGraphs":true,"m_FxEnabled":true},"in2DMode":false,"pivot":{"x":-2.7891690731048586,"y":0.24339663982391358,"z":-9.150644302368164},"rotation":{"x":0.1774621456861496,"y":0.1798904985189438,"z":-0.03301216661930084,"w":0.9669894576072693},"size":5.997253894805908,"orthographic":true}