{"cameraMode":{"drawMode":0,"name":"Shaded","section":"Shading Mode"},"sceneLighting":true,"audioPlay":false,"sceneViewState":{"m_AlwaysRefresh":false,"showFog":true,"showSkybox":true,"showFlares":true,"showImageEffects":true,"showParticleSystems":true,"showVisualEffectGraphs":true,"m_FxEnabled":true},"in2DMode":false,"pivot":{"x":0.9413309097290039,"y":-0.8087529540061951,"z":3.6661620140075685},"rotation":{"x":0.2565278112888336,"y":0.11451088637113571,"z":-0.030617089942097665,"w":0.9592500329017639},"size":4.447710990905762,"orthographic":false}