{"cameraMode":{"drawMode":0,"name":"Shaded","section":"Shading Mode"},"sceneLighting":true,"audioPlay":false,"sceneViewState":{"m_AlwaysRefresh":false,"showFog":true,"showSkybox":true,"showFlares":true,"showImageEffects":true,"showParticleSystems":true,"showVisualEffectGraphs":true,"m_FxEnabled":true},"in2DMode":false,"pivot":{"x":-0.04565802216529846,"y":0.39657071232795718,"z":-2.0901777744293215},"rotation":{"x":0.17603833973407746,"y":-0.7438871264457703,"z":0.21552079916000367,"w":0.6076173782348633},"size":4.615701675415039,"orthographic":true}