{"cameraMode":{"drawMode":0,"name":"Shaded","section":"Shading Mode"},"sceneLighting":true,"audioPlay":false,"sceneViewState":{"m_AlwaysRefresh":false,"showFog":true,"showSkybox":true,"showFlares":true,"showImageEffects":true,"showParticleSystems":true,"showVisualEffectGraphs":true,"m_FxEnabled":true},"in2DMode":false,"pivot":{"x":-0.6356332302093506,"y":1.2133275270462037,"z":-1.8767677545547486},"rotation":{"x":0.25876984000205996,"y":0.3752540349960327,"z":-0.10995220392942429,"w":0.8832668662071228},"size":1.655946969985962,"orthographic":true}