{"cameraMode":{"drawMode":0,"name":"Shaded","section":"Shading Mode"},"sceneLighting":true,"audioPlay":false,"sceneViewState":{"m_AlwaysRefresh":false,"showFog":true,"showSkybox":true,"showFlares":true,"showImageEffects":true,"showParticleSystems":true,"showVisualEffectGraphs":true,"m_FxEnabled":true},"in2DMode":false,"pivot":{"x":37.701202392578128,"y":11.521186828613282,"z":-2.224933624267578},"rotation":{"x":0.01643073372542858,"y":-0.7577135562896729,"z":-0.019091395661234857,"w":-0.6521120667457581},"size":27.559770584106447,"orthographic":false}