{"cameraMode":{"drawMode":0,"name":"Shaded","section":"Shading Mode"},"sceneLighting":false,"audioPlay":false,"sceneViewState":{"m_AlwaysRefresh":false,"showFog":true,"showSkybox":false,"showFlares":true,"showImageEffects":true,"showParticleSystems":true,"showVisualEffectGraphs":true,"m_FxEnabled":true},"in2DMode":false,"pivot":{"x":-0.5435742139816284,"y":0.2116151750087738,"z":-0.010774608701467514},"rotation":{"x":0.06013188883662224,"y":-0.902348518371582,"z":0.13389448821544648,"w":0.4052462875843048},"size":1.4139211177825928,"orthographic":false}