{"cameraMode":{"drawMode":0,"name":"Shaded","section":"Shading Mode"},"sceneLighting":false,"audioPlay":false,"sceneViewState":{"m_AlwaysRefresh":false,"showFog":true,"showSkybox":false,"showFlares":true,"showImageEffects":true,"showParticleSystems":true,"showVisualEffectGraphs":true,"m_FxEnabled":true},"in2DMode":false,"pivot":{"x":0.018918275833129884,"y":1.4508641958236695,"z":-0.0023888349533081056},"rotation":{"x":-0.0284917950630188,"y":0.019787564873695375,"z":-0.0005612348904833198,"w":-0.9994056224822998},"size":1.7660839557647706,"orthographic":false}